ace.jane@gmail.com,janedoe,Jane,Ace,Australia,user
dev@fb.com,facebooking,William,Penn,US,developer
dev@king.com,candyshots,Roddy,Piper,UK,developer
powell@yahoo.com,powell007,Colin,Powell,US,user
ray@hotmail.com,genes,Gene,Ray,US,user
jack@backer.com,jb123,Jack,Backer,US,developer
benn@gmail.com,benny,Tony,Benn,US,user
brand.max@outlook.com,maxup,Max,Brand,UK,user
help@idc.ucweb.com,idcweb,Jim,Laker,US,developer
videolan@gmail.com,video1,Paul,Graham,US,developer
android_support@intsig.com,intsig,Ben,McCarthy,UK,developer
fruitninja@halfbrick.com,ninja,Ross,Gellar,US,developer